Nombre.Científico,Nombre.Cientifico.abreviado,Familia,Sinónimos,Hábito,Origen,Regiones_abreviado,Rango.altitudinal,Paises.limítrofes,Nombre.Común,Notas,Género,Epiteto,subclass,superorder,order,Grupo,taxa_id
Austrocactus patagonicus (F.A.C. Weber) Backeb.,Austrocactus patagonicus,Cactaceae,"Cereus patagonicus F.A.C. Weber, Echinocactus intertextus Phil.",Subarbusto suculento,Nativa,"ARA, AIS",0-1000 ,Argentina,NA,NA,Austrocactus,patagonicus,Magnoliidae,Caryophyllanae,Caryophyllales,Eudicots,l4g0vlp609
Austrocactus philippii (Regel & E. Schmidt) Buxb.,Austrocactus philippii,Cactaceae,"Austrocactus hibernus F. Ritter, Erdisia philippii (Regel & E. Schmidt) Britton & Rose, Cereus philippi Regel & Schmidt, Echinocactus philippii (Regel & E. Schmidt) K. Schum., Echinopsis philippii (Regel & E. Schmidt) G. Nicholson",Subarbusto suculento,Nativa,"LBO, MAU",2000,Argentina,NA,NA,Austrocactus,philippii,Magnoliidae,Caryophyllanae,Caryophyllales,Eudicots,aznhsx6w86
Austrocactus spiniflorus (Phil.) F. Ritter,Austrocactus spiniflorus,Cactaceae,"Erdisia spiniflora (Phil.) Britton & Rose, Opuntia spiniflora Phil., Corryocactus spiniflorus (Phil.) Hutchison, Opuntia bicolor Phil., Opuntia clavata Phil., Cereus hypogaeus F.A.C. Weber ex Regel, Echinocereus hypogaeus Rümpler, Eulychnia clavata Phil., Echinocereus clavata K. Schum.",Subarbusto suculento,Endémica,"RME, LBO",1500-2500 ,NA,NA,NA,Austrocactus,spiniflorus,Magnoliidae,Caryophyllanae,Caryophyllales,Eudicots,lxk33pnf5x
Browningia candelaris (Meyen) Britton & Rose,Browningia candelaris,Cactaceae,"Cereus candelaris Meyen, Cactus candelaris (Meyen) Meyen",Árbol suculento,Nativa,"AYP, TAR",2000-3000 ,Perú,"Candelabro, cardón, sabaya",NA,Browningia,candelaris,Magnoliidae,Caryophyllanae,Caryophyllales,Eudicots,lw9d2m4yaw
Copiapoa ahremephiana N.P. Taylor & G.J. Charles,Copiapoa ahremephiana,Cactaceae,NA,Arbusto suculento,Endémica,ANT,0-100 ,NA,NA,NA,Copiapoa,ahremephiana,Magnoliidae,Caryophyllanae,Caryophyllales,Eudicots,25wrvk4g47
Copiapoa boliviana (Pfeiff.) F. Ritter,Copiapoa boliviana,Cactaceae,"Copiapoa atacamensis Middled., Echinocactus bolivianus Pfeiff., Copiapoa calderana F. Ritter subsp. atacamensis (Middled.) D.R. Hunt",Subarbusto suculento,Endémica,ANT,0-1000 ,NA,NA,NA,Copiapoa,boliviana,Magnoliidae,Caryophyllanae,Caryophyllales,Eudicots,b44k5ofx15
Copiapoa calderana F. Ritter,Copiapoa calderana,Cactaceae,"Copiapoa atacamensis Middled. var. calderana (F. Ritter) A.E. Hoffm., Copiapoa calderana F. Ritter var. spinosior F. Ritter, Copiapoa lembckei Backeb., nom. illeg.",Subarbusto suculento,Endémica,ATA,0-200 ,NA,NA,NA,Copiapoa,calderana,Magnoliidae,Caryophyllanae,Caryophyllales,Eudicots,nltkui3bze
Copiapoa cinerascens (Salm-Dyck) Britton & Rose,Copiapoa cinerascens,Cactaceae,"Copiapoa applanata Backeb., nom. illeg., Copiapoa cinerascens (Salm-Dyck) Britton & Rose var. intermedia F. Ritter, Echinocactus cinerascens Salm-Dyck, Copiapoa cinerascens (Salm-Dyck) Britton & Rose var. applanata F. Ritter, Echinocactus ambiguus Hildm. ex K. Schum.",Arbusto suculento,Endémica,"ANT, ATA",0-200 ,NA,NA,NA,Copiapoa,cinerascens,Magnoliidae,Caryophyllanae,Caryophyllales,Eudicots,zazr0t5mct
Copiapoa cinerea (Phil.) Britton & Rose var. cinerea,Copiapoa cinerea,Cactaceae,"Copiapoa tenebrosa F. Ritter, Copiapoa cinerea (Phil.) Britton & Rose var. tenebrosa (F. Ritter) A.E. Hoffm., Echinocactus cinereus Phil.",Arbusto suculento,Endémica,ANT,0-1000 ,NA,NA,NA,Copiapoa,cinerea,Magnoliidae,Caryophyllanae,Caryophyllales,Eudicots,lgrorml9ia
Copiapoa cinerea (Phil.) Britton & Rose var. columna-alba (F. Ritter) Backeb.,Copiapoa cinerea,Cactaceae,"Copiapoa columna-alba F. Ritter var. nuda F. Ritter, Copiapoa columna-alba F. Ritter, Copiapoa melanohystrix F. Ritter",Subarbusto suculento,Endémica,"ANT, ATA",0-1000 ,NA,NA,NA,Copiapoa,cinerea,Magnoliidae,Caryophyllanae,Caryophyllales,Eudicots,c2baipsuq8
Copiapoa cinerea (Phil.) Britton & Rose var. gigantea (Backeb.) N.P. Taylor,Copiapoa cinerea,Cactaceae,"Copiapoa gigantea Backeb. var. haseltoniana (Backeb.) F. Ritter, Copiapoa gigantea Backeb., Copiapoa haseltoniana Backeb., Copiapoa albispina Backeb., nom. nud., Copiapoa cinerea (Phil.) Britton & Rose var. haseltoniana (Backeb.) N.P. Taylor",Arbusto suculento,Endémica,ANT,700-1000 ,NA,NA,NA,Copiapoa,cinerea,Magnoliidae,Caryophyllanae,Caryophyllales,Eudicots,wwt7cuara8
Copiapoa coquimbana (Rümpler) Britton & Rose var. coquimbana,Copiapoa coquimbana,Cactaceae,"Copiapoa alticostata F. Ritter, Copiapoa coquimbana (Rümpler) Britton & Rose var. alticostata (F. Ritter) A.E. Hoffm., Copiapoa coquimbana (Rümpler) Britton & Rose var. armata F. Ritter, Copiapoa coquimbana (Rümpler) Britton & Rose var. pendulina (F. Ritter) A.E. Hoffm., Copiapoa coquimbana (Rümpler) Britton & Rose var. pseudocoquimbana (F. Ritter) A.E. Hoffm., Copiapoa coquimbana (Rümpler) Britton & Rose var. vallenarensis (F. Ritter) A.E. Hoffm., Copiapoa coquimbana (Rümpler) Britton & Rose var. wagenknechtii F. Ritter, Copiapoa pendulina F. Ritter, Copiapoa pseudocoquimbana F. Ritter, Copiapoa pseudocoquimbana F. Ritter var. chaniarensis F. Ritter, Copiapoa pseudocoquimbana F. Ritter var. domeykoensis F. Ritter, Copiapoa pseudocoquimbana F. Ritter var. vulgata F. Ritter, Copiapoa vallenarensis F. Ritter, Copiapoa serenana Voldan, Echinocactus coquimbanus Rümpler, Copiapoa wagenknechtii F. Ritter",Arbusto suculento,Endémica,"ATA, COQ",0-1000 ,NA,NA,NA,Copiapoa,coquimbana,Magnoliidae,Caryophyllanae,Caryophyllales,Eudicots,py7uubdt03
Copiapoa coquimbana (Rümpler) Britton & Rose var. fiedleriana (K. Schum.) A.E. Hoffm.,Copiapoa coquimbana,Cactaceae,"Copiapoa fiedleriana (K. Schum.) Backeb., Copiapoa pepiniana (K. Schum.) Backeb. var. fiedleriana Backeb., Echinocactus fieldlerianum K. Schum.",Subarbusto suculento,Endémica,ATA,0-200 ,NA,NA,NA,Copiapoa,coquimbana,Magnoliidae,Caryophyllanae,Caryophyllales,Eudicots,4b5fuiy1f1
Copiapoa dealbata F. Ritter,Copiapoa dealbata,Cactaceae,"Copiapoa carrizalensis F. Ritter, Copiapoa carrizalensis F. Ritter var. gigantea F. Ritter, Copiapoa dealbata F. Ritter var. carrizalensis (F. Ritter) A.E. Hoffm., Copiapoa dealbata F. Ritter fma. gigantea (F. Ritter) A.E. Hoffm., Copiapoa cinerea (Phil.) Britton & Rose var. dealbata (F. Ritter) Backeb.",Arbusto suculento,Endémica,ATA,0-200 ,NA,NA,NA,Copiapoa,dealbata,Magnoliidae,Caryophyllanae,Caryophyllales,Eudicots,kfc2s2j9u1
Copiapoa decorticans N.P. Taylor & G.J. Charles,Copiapoa decorticans,Cactaceae,NA,Subarbusto suculento,Endémica,ANT,0-200 ,NA,NA,NA,Copiapoa,decorticans,Magnoliidae,Caryophyllanae,Caryophyllales,Eudicots,30ip0vt6bi
Copiapoa echinata F. Ritter,Copiapoa echinata,Cactaceae,"Copiapoa echinata F. Ritter fma. pulla F. Ritter, Copiapoa echinata F. Ritter var. borealis F. Ritter, Copiapoa megarhiza Britton & Rose var. echinata (F. Ritter) A.E. Hoffm., Copiapoa totoralensis F. Ritter",Subarbusto suculento,Endémica,ATA,0-200 ,NA,NA,NA,Copiapoa,echinata,Magnoliidae,Caryophyllanae,Caryophyllales,Eudicots,iv60147bav
Copiapoa echinoides (Lem. ex Salm-Dyck) Britton & Rose,Copiapoa echinoides,Cactaceae,"Copiapoa cuprea F. Ritter, Copiapoa dura F. Ritter, Copiapoa echinoides (Lem. ex Salm-Dyck) Britton & Rose var. cuprea (F. Ritter) A.E. Hoffm., Echinocactus echinoides Lem. ex Salm-Dyck",Subarbusto suculento,Endémica,ATA,NA,NA,NA,NA,Copiapoa,echinoides,Magnoliidae,Caryophyllanae,Caryophyllales,Eudicots,v35ry7gicy
Copiapoa eremophila F. Ritter,Copiapoa eremophila,Cactaceae,"Copiapoa cinerea (Phil.) Britton & Rose var. eremophila (F. Ritter) A.E. Hoffm., Copiapoa cinerea (Phil.) Britton & Rose fma. albispina F. Ritter",Arbusto suculento,Endémica,TAR,400-1000 ,NA,NA,NA,Copiapoa,eremophila,Magnoliidae,Caryophyllanae,Caryophyllales,Eudicots,fjft8dmpgo
Copiapoa grandiflora F. Ritter,Copiapoa grandiflora,Cactaceae,Copiapoa cinerascens (Salm-Dyck) Britton & Rose var. grandiflora (F. Ritter) A.E. Hoffm.,Subarbusto suculento,Endémica,"ANT, ATA",NA,NA,NA,NA,Copiapoa,grandiflora,Magnoliidae,Caryophyllanae,Caryophyllales,Eudicots,g9gx8jn1j2
Copiapoa humilis (Phil.) Hutchison var. esmeraldana (F. Ritter) A.E. Hoffm.,Copiapoa humilis,Cactaceae,Copiapoa esmeraldana F. Ritter,Subarbusto suculento,Endémica,ANT,200-500 ,NA,NA,NA,Copiapoa,humilis,Magnoliidae,Caryophyllanae,Caryophyllales,Eudicots,06orq0p2l2
Copiapoa humilis (Phil.) Hutchison var. humilis,Copiapoa humilis,Cactaceae,"Copiapoa humilis (Phil.) Hutchison var. paposoensis (F. Ritter) A. Hoffm., nom. illeg., Copiapoa paposoensis F. Ritter, nom. illeg., Echinocactus humilis Phil.",Subarbusto suculento,Endémica,ANT,200-1000 ,NA,NA,NA,Copiapoa,humilis,Magnoliidae,Caryophyllanae,Caryophyllales,Eudicots,bnww5tpq80
Copiapoa humilis (Phil.) Hutchison var. longispina (F. Ritter) A.E. Hoffm.,Copiapoa humilis,Cactaceae,Copiapoa longispina F. Ritter,Subarbusto suculento,Endémica,ATA,NA,NA,NA,NA,Copiapoa,humilis,Magnoliidae,Caryophyllanae,Caryophyllales,Eudicots,adb2dhlv6v
Copiapoa humilis (Phil.) Hutchison var. taltalensis (Werderm.) A.E. Hoffm.,Copiapoa humilis,Cactaceae,"Copiapoa chaniaralensis F. Ritter, Copiapoa taltalensis (Werderm.) Looser, Echinocactus taltalensis Werderm.",Subarbusto suculento,Endémica,ANT,NA,NA,NA,NA,Copiapoa,humilis,Magnoliidae,Caryophyllanae,Caryophyllales,Eudicots,qsmee5qoxj
Copiapoa humilis (Phil.) Hutchison var. tenuissima (F. Ritter) G. Charles,Copiapoa humilis,Cactaceae,Copiapoa tenuissima F. Ritter,Subarbusto suculento,Endémica,ANT,600-800 ,NA,NA,NA,Copiapoa,humilis,Magnoliidae,Caryophyllanae,Caryophyllales,Eudicots,srva2yjpn7
Copiapoa humilis (Phil.) Hutchison var. tocopillana (F. Ritter) G. Charles,Copiapoa humilis,Cactaceae,Copiapoa tocopillana F. Ritter,Subarbusto suculento,Endémica,ANT,NA,NA,NA,NA,Copiapoa,humilis,Magnoliidae,Caryophyllanae,Caryophyllales,Eudicots,8ox6j4x6au
Copiapoa humilis (Phil.) Hutchison var. varispinata (F. Ritter) G. Charles,Copiapoa humilis,Cactaceae,Copiapoa varispinata F. Ritter,Subarbusto suculento,Endémica,ANT,NA,NA,NA,NA,Copiapoa,humilis,Magnoliidae,Caryophyllanae,Caryophyllales,Eudicots,wseaqszju1
Copiapoa hypogaea F. Ritter var. hypogaea,Copiapoa hypogaea,Cactaceae,"Copiapoa hypogaea F. Ritter var. barquitensis F. Ritter, Copiapoa mollicula F. Ritter",Subarbusto suculento,Endémica,"ANT, ATA",400-500 ,NA,NA,NA,Copiapoa,hypogaea,Magnoliidae,Caryophyllanae,Caryophyllales,Eudicots,6bvyi6vwlc
Copiapoa hypogaea F. Ritter var. montana (F. Ritter) G. Charles,Copiapoa hypogaea,Cactaceae,"Copiapoa olivana F. Ritter, Copiapoa montana F. Ritter",Subarbusto suculento,Endémica,ANT,NA,NA,NA,NA,Copiapoa,hypogaea,Magnoliidae,Caryophyllanae,Caryophyllales,Eudicots,e1obaydkl1
Copiapoa krainziana F. Ritter,Copiapoa krainziana,Cactaceae,"Copiapoa krainziana F. Ritter var. scopulina F. Ritter, Copiapoa cinerea (Phil.) Britton & Rose var. krainziana (F. Ritter) Slaba",Subarbusto suculento,Endémica,ANT,300-900 ,NA,NA,NA,Copiapoa,krainziana,Magnoliidae,Caryophyllanae,Caryophyllales,Eudicots,dsbvwr56rw
Copiapoa laui L. Diers,Copiapoa laui,Cactaceae,Copiapoa hypogaea F. Ritter var. laui (L. Diers) A. Hoffm.,Subarbusto suculento,Endémica,"ANT, ATA",100-700 ,NA,NA,NA,Copiapoa,laui,Magnoliidae,Caryophyllanae,Caryophyllales,Eudicots,gqiyi9meh5
Copiapoa longistaminea F. Ritter,Copiapoa longistaminea,Cactaceae,Copiapoa cinerea (Phil.) Britton & Rose var. longistaminea (F. Ritter) Slaba,Arbusto suculento,Endémica,ANT,0-200 ,NA,NA,NA,Copiapoa,longistaminea,Magnoliidae,Caryophyllanae,Caryophyllales,Eudicots,ioevnugtbc
Copiapoa marginata (Salm-Dyck) Britton & Rose var. bridgesii (Pfeiff.) A.E. Hoffm.,Copiapoa marginata,Cactaceae,"Echinocactus bridgesii Pfeiff., Copiapoa bridgesii (Pfeiff.) Backeb.",Subarbusto suculento,Endémica,"ANT, ATA",200-700 ,NA,NA,NA,Copiapoa,marginata,Magnoliidae,Caryophyllanae,Caryophyllales,Eudicots,40x5g5e93z
Copiapoa marginata (Salm-Dyck) Britton & Rose var. marginata,Copiapoa marginata,Cactaceae,"Echinocactus marginatus Salm-Dyck, Echinocactus columnaris Pfeiff., Echinocactus streptocaulon Hook., Copiapoa streptocaulon (Hook.) Oosten",Subarbusto suculento,Endémica,ATA,0-700 ,NA,NA,NA,Copiapoa,marginata,Magnoliidae,Caryophyllanae,Caryophyllales,Eudicots,kbngg2pedv
Copiapoa megarhiza Britton & Rose,Copiapoa megarhiza,Cactaceae,Copiapoa megarhiza Britton & Rose var. microrhiza F. Ritter,Subarbusto suculento,Endémica,ATA,200-800 ,NA,NA,NA,Copiapoa,megarhiza,Magnoliidae,Caryophyllanae,Caryophyllales,Eudicots,fdbywm1ioe
Copiapoa rarissima F. Ritter,Copiapoa rarissima,Cactaceae,NA,Subarbusto suculento,Endémica,ANT,NA,NA,NA,NA,Copiapoa,rarissima,Magnoliidae,Caryophyllanae,Caryophyllales,Eudicots,zuowbjhmo4
Copiapoa rupestris F. Ritter,Copiapoa rupestris,Cactaceae,"Copiapoa desertorum F. Ritter var. hornilloensis (F. Ritter) A.E. Hoffm., Copiapoa desertorum F. Ritter var. rupestris (F. Ritter) A.E. Hoffm., Copiapoa desertorum F. Ritter, Copiapoa desertorum F. Ritter var. rubriflora (F. Ritter) A.E. Hoffm., Copiapoa hornilloensis F. Ritter, Copiapoa rubriflora F. Ritter",Arbusto suculento,Endémica,ANT,0-500 ,NA,NA,NA,Copiapoa,rupestris,Magnoliidae,Caryophyllanae,Caryophyllales,Eudicots,064fgv263a
Copiapoa serpentisulcata F. Ritter,Copiapoa serpentisulcata,Cactaceae,Copiapoa serpentisulcata F. Ritter var. castanea F. Ritter,Arbusto suculento,Endémica,ATA,0-300 ,NA,NA,NA,Copiapoa,serpentisulcata,Magnoliidae,Caryophyllanae,Caryophyllales,Eudicots,9ie721ksy4
Copiapoa solaris (F. Ritter) F. Ritter,Copiapoa solaris,Cactaceae,"Copiapoa conglomerata (Phil.) Lembcke, Copiapoa ferox Lembcke & Backeb., nom. illeg., Echinocactus conglomeratus Phil., Pilocopiapoa solaris F. Ritter",Arbusto suculento,Endémica,ANT,0-1000 ,NA,NA,NA,Copiapoa,solaris,Magnoliidae,Caryophyllanae,Caryophyllales,Eudicots,ldc1mck4pf
Corryocactus brevistylus (K. Schum. ex Vaupel) Britton & Rose,Corryocactus brevistylus,Cactaceae,"Corryocactus krausii Backeb., Cereus brevistylus K. Schum.",Arbusto suculento,Nativa,"AYP, TAR",2000-3500 ,Perú,Guacalla,NA,Corryocactus,brevistylus,Magnoliidae,Caryophyllanae,Caryophyllales,Eudicots,1yor5khrlc
Cumulopuntia dactylifera (Vaupel) E.F. Anderson,Cumulopuntia dactylifera,Cactaceae,"Cumulopuntia pentlandii (Salm-Dyck) F. Ritter var. dactylifera (Vaupel) F. Ritter, Opuntia dactylifera Vaupel",Subarbusto suculento,Nativa,ANT,NA,Perú,NA,NA,Cumulopuntia,dactylifera,Magnoliidae,Caryophyllanae,Caryophyllales,Eudicots,imwy5wfa3a
Cumulopuntia echinacea (Ritter) Ritter,Cumulopuntia echinacea,Cactaceae,"Tephrocactus echinaceus F. Ritter, Opuntia echinacea (F. Ritter) A.E. Hoffm., Cumulopuntia boliviana (Salm-Dyck) F. Ritter subsp. echinacea (F. Ritter) D.R. Hunt, Maihueniopsis boliviana (Salm-Dyck) R. Kiesling subsp. echinacea (Ritter) Faúndez & R. Kiesling",Arbusto suculento,Nativa,TAR,2600-4000 ,Perú,NA,NA,Cumulopuntia,echinacea,Magnoliidae,Caryophyllanae,Caryophyllales,Eudicots,1rl6ysgbnz
Cumulopuntia ignescens (Vaup.) Ritter,Cumulopuntia ignescens,Cactaceae,"Tephrocactus ignescens (Vaupel) Backeb., Opuntia ignescens Vaupel, Cumulopuntia boliviana (Salm-Dyck) F. Ritter subsp. ignescens (Vaupel) D.R. Hunt, Maihueniopsis boliviana (Salm-Dyck) R. Kiesling subsp. ignescens (Vaup.) Faúndez & R. Kiesling",Arbusto suculento,Nativa,"TAR, ANT",3300-4500 ,"Argentina, Bolivia y Perú",Piskayu,NA,Cumulopuntia,ignescens,Magnoliidae,Caryophyllanae,Caryophyllales,Eudicots,i2zxsk80dp
Cumulopuntia sphaerica (C.F. Först.) E.F. Anderson,Cumulopuntia sphaerica,Cactaceae,"Opuntia leucophaea Phil., Cumulopuntia tubercularis F. Ritter, Opuntia sphaerica C.F. Först., Echinocactus berteri auct. non (Colla) Gay",Subarbusto suculento,Nativa,"TAR, ANT, ATA, COQ, VAL",0-3500 ,Perú,"Jalajala, puskaye",NA,Cumulopuntia,sphaerica,Magnoliidae,Caryophyllanae,Caryophyllales,Eudicots,gx10svc899
Cylindropuntia tunicata (Lehm.) F.M. Knuth,Cylindropuntia tunicata,Cactaceae,"Opuntia tunicata (Lehm.) Pfeiff., Opuntia tunicata (Lehm.) Pfeiff. var. chilensis (F. Ritter) A.E. Hoffm.",Arbusto suculento,Introducida,"TAR, ANT, ATA, COQ",NA,NA,NA,NA,Cylindropuntia,tunicata,Magnoliidae,Caryophyllanae,Caryophyllales,Eudicots,hupvzo4pzm
Echinopsis atacamensis (Phil.) Friedrich & G.D. Rowley,Echinopsis atacamensis,Cactaceae,"Cereus atacamensis Phil., Trichocereus atacamensis (Phil.) Beckeb., Helianthocereus atacamensis (Phil.) Backeb.",Árbol suculento,Nativa,ANT,2000-3800 ,Argentina y Bolivia,Pasakana,NA,Echinopsis,atacamensis,Magnoliidae,Caryophyllanae,Caryophyllales,Eudicots,wnl9ep8hfy
Echinopsis chiloensis (Colla) Friedrich & G.D. Rowley subsp. chiloensis,Echinopsis chiloensis,Cactaceae,"Trichocereus chiloensis (Colla) Britton & Rose, Trichocereus chiloensis (Colla) Britton & Rose var. australis F. Ritter, Trichocereus chiloensis (Colla) Britton & Rose var. borealis F. Ritter, Trichocereus chiloensis (Colla) Britton & Rose var. conjungens F. Ritter, Trichocereus chiloensis (Colla) Britton & Rose var. eburneus F. Ritter, nom. illeg., Trichocereus chiloensis (Colla) Britton & Rose var. panhoplites (K. Schum.) F. Ritter, nom. illeg., Cactus chiloensis Colla, Cereus chiloensis (Colla) DC., Cereus quisco J. Remy ex Gay",Arbusto suculento,Endémica,"ANT, ATA, COQ, VAL, RME, LBO, MAU",0-1700 ,NA,NA,NA,Echinopsis,chiloensis,Magnoliidae,Caryophyllanae,Caryophyllales,Eudicots,xd2kyr08kn
Echinopsis chiloensis (Colla) Friedrich & G.D. Rowley subsp. litoralis (Johow) Lowry,Echinopsis chiloensis,Cactaceae,"Echinopsis litoralis (Johow) Friedrich & G.D. Rowley, Trichocereus chiloensis (Colla) Britton & Rose subsp. litoralis (Johow) Lowry, Cereus litoralis Johow, Trichocereus litoralis (Johow) Looser, Echinopsis bolligeriana Mächler & H.E. Walter",Arbusto suculento,Endémica,"COQ, VAL, LBO, MAU",0-200 ,NA,NA,NA,Echinopsis,chiloensis,Magnoliidae,Caryophyllanae,Caryophyllales,Eudicots,50eapxgsx9
Echinopsis coquimbana (Molina) Friedrich & G.D. Rowley,Echinopsis coquimbana,Cactaceae,"Trichocereus coquimbana (Molina) Britton & Rose, Cactus coquimbanus Molina, Cereus coquimbanus (Molina) K. Schum.",Arbusto suculento,Endémica,"ATA, COQ",0-500 ,NA,NA,NA,Echinopsis,coquimbana,Magnoliidae,Caryophyllanae,Caryophyllales,Eudicots,pacrfp6i5a
Echinopsis deserticola (Werderm.) Friedrich & G.D. Rowley,Echinopsis deserticola,Cactaceae,"Echinopsis deserticola (Werderm.) Friedrich & G.D. Rowley var. fulvilana (F. Ritter) A.E. Hoffm., Echinopsis spinibarbis (Pfeiff.) A.E. Hoffm., Trichocereus deserticola (Werderm.) Looser, Trichocereus fulvilanus F. Ritter, Eulychnia spinibarbis (Pfeiff.) Britton & Rose, Cereus deserticola Werderm., Trichocereus spinibarbis (Pfeiff.) F. Ritter, Cereus spinibarbis Pfeiff.",Arbusto suculento,Endémica,"ANT, ATA",400-800 ,NA,NA,NA,Echinopsis,deserticola,Magnoliidae,Caryophyllanae,Caryophyllales,Eudicots,wdbsqpsez2
Echinopsis ferox (Britton & Rose) Backeb.,Echinopsis ferox,Cactaceae,"Lobivia ferox Britton & Rose, Pseudolobivia ferox (Britton & Rose) Backeb.",Subarbusto suculento,Nativa,TAR,2000-3800 ,"Argentina, Bolivia y Perú",NA,NA,Echinopsis,ferox,Magnoliidae,Caryophyllanae,Caryophyllales,Eudicots,fw5j41v3gi
Echinopsis formosa (Pfeiff.) Jacobi ex Salm-Dyck,Echinopsis formosa,Cactaceae,"Echinocactus formosa Pfeiff., Acanthocalycium formosum (Pfeiff.) Backeb., Soehrencia formosa (Pfeiff.) Backeb., Trichocereus formosus (Pfeiff.) F. Ritter, Lobivia longispina Britton & Rose",Arbusto suculento,Nativa,ANT,NA,Argentina,NA,NA,Echinopsis,formosa,Magnoliidae,Caryophyllanae,Caryophyllales,Eudicots,dnba3cigap
Echinopsis glauca (F. Ritter) Friedrich & G.D. Rowley fma. pendens (F. Ritter) Friedrich & G.D. Rowley,Echinopsis glauca,Cactaceae,Trichocereus glaucus F. Ritter fma. pendens F. Ritter,Arbusto suculento,Endémica,TAR,400-600 ,NA,NA,NA,Echinopsis,glauca,Magnoliidae,Caryophyllanae,Caryophyllales,Eudicots,x0ifdujasy
Echinopsis nigripilis (Phil.) Friedrich & G.D. Rowley,Echinopsis nigripilis,Cactaceae,"Cereus nigripilis Phil., Trichocereus nigripilis (Phil.) Baker, Trichocereus coquimbanus (Molina) Britton & Rose var. nigripilis (Phil.) Borg",Arbusto suculento,Endémica,COQ,0-500 ,NA,NA,NA,Echinopsis,nigripilis,Magnoliidae,Caryophyllanae,Caryophyllales,Eudicots,9pjbeg34gq
Echinopsis skottsbergii (Backeb.) Friedrich & G.D. Rowley,Echinopsis skottsbergii,Cactaceae,Trichocereus skottsbergii Backeb.,Arbusto suculento,Endémica,COQ,0-500 ,NA,NA,NA,Echinopsis,skottsbergii,Magnoliidae,Caryophyllanae,Caryophyllales,Eudicots,ugrkx2a7qc
Eriosyce aspillagae (Söhrens) Katt.,Eriosyce aspillagae,Cactaceae,"Pyrrhocactus aspillagae (Söhrens) F. Ritter, Neoporteria horrida (Gay) D.R. Hunt var. aspillagae (Söhrens) A.E. Hoffm., Neoporteria aspillagae (Söhrens) Backeb., Echinocactus aspillagae Söhrens, Eriosyce aspillagae (Söhrens) Katt. subsp. maechlerorum H.E. Walter",Subarbusto suculento,Endémica,"LBO, MAU",0-200 ,NA,NA,NA,Eriosyce,aspillagae,Magnoliidae,Caryophyllanae,Caryophyllales,Eudicots,r6m60zvu53
Eriosyce aurata (Pfeiff.) Backeb. var. aurata,Eriosyce aurata,Cactaceae,"Eriosyce algarrobensis F. Ritter, Eriosyce ceratistes Britton & Rose, Eriosyce ihotzkyana F. Ritter var. ausseliana (F. Ritter) F. Ritter, Eriosyce sandillon (Gay) Phil., Eriosyce sandillon (Gay) Phil. var. algarrobensis (F. Ritter) A.E. Hoffm., Eriosyce sandillon (Gay) Phil. var. mollensis (Backeb.) A.E. Hoffm., Eriosyce sandillon (Gay) Phil. var. vallenarensis (Backeb.) A.E. Hoffm., Echinocactus auratus Pfeiff., Echinocactus ceratistes Otto ex Pfeiff., Echinocactus sandillon Gay",Arbusto suculento,Endémica,"ATA, COQ, VAL, RME",1500-2500 ,NA,NA,NA,Eriosyce,aurata,Magnoliidae,Caryophyllanae,Caryophyllales,Eudicots,ai8w1b5v1n
Eriosyce aurata (Pfeiff.) Backeb. var. spinibarbis (F. Ritter) Katt.,Eriosyce aurata,Cactaceae,Eriosyce spinibarbis F. Ritter,Arbusto suculento,Endémica,ATA,2000-2500 ,NA,NA,NA,Eriosyce,aurata,Magnoliidae,Caryophyllanae,Caryophyllales,Eudicots,nv8urqh7sd
Eriosyce caligophila R. Pinto,Eriosyce caligophila,Cactaceae,Islaya caligophila (R. Pinto) Faúndez & R. Kiesling,Subarbusto suculento,Endémica,TAR,600-700 ,NA,NA,NA,Eriosyce,caligophila,Magnoliidae,Caryophyllanae,Caryophyllales,Eudicots,uikan8e9mf
Eriosyce chilensis (Hildm. ex K. Schum.) Katt. var. albidiflorus (F. Ritter) Katt.,Eriosyce chilensis,Cactaceae,Pyrrhocactus chilensis (Hildm. ex K. Schum.) Katt. var. albidiflorus F. Ritter,Arbusto suculento,Endémica,COQ,0-100 ,NA,NA,NA,Eriosyce,chilensis,Magnoliidae,Caryophyllanae,Caryophyllales,Eudicots,vl0dpn55dv
Eriosyce chilensis (Hildm. ex K. Schum.) Katt. var. chilensis,Eriosyce chilensis,Cactaceae,"Pyrrhocactus chilensis (Hildm. ex K. Schum.) F. Ritter, Pyrrhocactus krausii F. Ritter, Neoporteria chilensis (Hildm. ex K. Schum.) Britton & Rose, Echinocactus chilensis Hildm. ex K. Schum., Neochilenia chilensis (Hildm. ex K. Schum.) Backeb.",Arbusto suculento,Endémica,"COQ, VAL",0-100 ,NA,NA,NA,Eriosyce,chilensis,Magnoliidae,Caryophyllanae,Caryophyllales,Eudicots,84t060m6qf
Eriosyce confinis (F. Ritter) Katt.,Eriosyce confinis,Cactaceae,"Pyrrhocactus confinis F. Ritter, Neoporteria confinis (F. Ritter) Donald & G.D. Rowley, Neoporteria kunzei (C.F. Först.) Backeb. var. confinis (F. Ritter) A.E. Hoffm., Neochilenia confinis (F. Ritter) Backeb.",Subarbusto suculento,Endémica,ATA,0-500 ,NA,NA,NA,Eriosyce,confinis,Magnoliidae,Caryophyllanae,Caryophyllales,Eudicots,tz48b95cbu
Eriosyce crispa (F. Ritter) Katt.,Eriosyce crispa,Cactaceae,"Pyrrhocactus crispus F. Ritter, Neoporteria crispa (F. Ritter) Donald & G.D. Rowley, Neoporteria vallenarensis (F. Ritter) A.E. Hoffm. var. crispa (F. Ritter) A.E. Hoffm.,Horridocactus crispus (F. Ritter) Backeb.",Arbusto suculento,Endémica,ATA,0-300 ,NA,NA,NA,Eriosyce,crispa,Magnoliidae,Caryophyllanae,Caryophyllales,Eudicots,axwwc48867
Eriosyce curvispina (Bertero ex Colla) Katt.  subsp. curvispina var. tuberisulcata (Jacobi) Katt.,Eriosyce curvispina,Cactaceae,"Pyrrhocactus tuberisulcatus (Jacobi) A. Berger, Pyrrhocactus armatus F. Ritter, Pyrrhocactus horridus Backeb., nom. illeg., Pyrrhocactus horridus (Gay) Backeb. fma. vegasanus (F. Ritter) F. Ritter, Pyrrhocactus horridus (Gay) Backeb. var. mutabilis F. Ritter, Pyrrhocactus horridus (Gay) Backeb. var. robustus (F. Ritter) F. Ritter, Pyrrhocactus odoriflorus F. Ritter, Neoporteria horrida (Gay) D.R. Hunt, Neoporteria horrida (Gay) D.R. Hunt var. armata (F. Ritter) A.E. Hoffm., Neoporteria horrida (Gay) D.R. Hunt var. odoriflora (F. Ritter) A.E. Hoffm., Neoporteria tuberisulcata (Jacobi) Donald & G.D. Rowley, Eriosyce curvispina (Bertero ex Colla) Katt. var. armata (F. Ritter) Katt., Echinocactus tuberisulcatus Jacobi, Eriosyce curvispina (Bertero ex Colla) Katt. var. robusta (F. Ritter) Katt., Cactus horridus Bertero ex Colla, nom. illeg., Eriosyce curvispina (Bertero ex Colla) Katt. var. mutabilis (F. Ritter) Katt., Pyrrhocactus robustus F. Ritter, Echinocactus horridus (Bertero ex Colla) J. Remy ex Gay",Arbusto suculento,Endémica,"RME, LBO",0-600 ,NA,NA,NA,Eriosyce,curvispina,Magnoliidae,Caryophyllanae,Caryophyllales,Eudicots,xd3ldpb6a3
Eriosyce curvispina (Bertero ex Colla) Katt. subsp. curvispina var. curvispina,Eriosyce curvispina,Cactaceae,"Pyrrhocactus curvispinus (Bertero ex Colla) A. Berger ex Backeb., Pyrrhocactus andicola (F. Ritter) F. Ritter, Pyrrhocactus andicola (F. Ritter) F. Ritter var. descendens (F. Ritter) F. Ritter, Pyrrhocactus andicola (F. Ritter) F. Ritter var. mollensis (F. Ritter) F. Ritter, Pyrrhocactus andicola (F. Ritter) F. Ritter var. robustus (F. Ritter) F. Ritter, Pyrrhocactus coliguayensis F. Ritter, Pyrrhocactus grandiflorus F. Ritter, Pyrrhocactus horridus (Gay) Backeb. var. aconcaguensis (F. Ritter) F. Ritter, Pyrrhocactus horridus (Gay) Backeb. var. orientalis (F. Ritter) F. Ritter, Pyrrhocactus limariensis F. Ritter, Pyrrhocactus lissocarpus F. Ritter, Pyrrhocactus pamaensis F. Ritter, Neoporteria choapensis (F. Ritter) Donald & G.D. Rowley, Neoporteria curvispina (Bertero ex Colla) Donald & G.D. Rowley, Neoporteria horrida (Gay) D.R. Hunt var. coliguayensis (F. Ritter) A.E. Hoffm., Neoporteria horrida (Gay) D.R. Hunt var. limariensis (F. Ritter) A.E. Hoffm., Neoporteria litoralis F. Ritter, Eriosyce curvispina (Bertero ex Colla) Katt. var. aconcaguensis (F. Ritter) Katt., Eriosyce curvispina (Bertero ex Colla) Katt. var. choapensis (F. Ritter) Katt., Eriosyce limariensis (F. Ritter) Katt., Eriosyce marksiana (F. Ritter) Katt. var. gracilis (F. Ritter) Katt., Eriosyce marksiana (F. Ritter) Katt. var. lissocarpa (F. Ritter) Katt., Cactus curvispinus Bertero ex Colla, Horridocactus curvispinus (Bertero ex Colla) Backeb., Pyrrhocactus choapensis F. Ritter, Horridocactus choapensis (F. Ritter) Backeb., Pyrrhocactus aconcaguensis F. Ritter, Horridocactus aconcaguensis (F. Ritter) Backeb., Neoporteria curvispina (Bertero ex Colla) Donald & G.D. Rowley var. aconcaguensis (F. Ritter &, Eriosyce curvispina (Bertero ex Colla) Katt. var. limariensis (F. Ritter) A. Hoffm. & H., Pyrrhocactus lissocarpus F. Ritter var. gracilis F. Ritter",Arbusto suculento,Endémica,"ATA, COQ, VAL, RME, LBO, MAU",200-2000 ,NA,NA,NA,Eriosyce,curvispina,Magnoliidae,Caryophyllanae,Caryophyllales,Eudicots,ttwjeytnjx
Eriosyce curvispina (Bertero ex Colla) Katt. subsp. marksiana (Ritter) R. Ferryman,Eriosyce curvispina,Cactaceae,"Pyrrhocactus marksianus F. Ritter, Pyrrhocactus marksianus F. Ritter var. tunensis F. Ritter, Pyrrhocactus truncatipetalus F. Ritter, Neoporteria curvispina (Bertero ex Colla) Donald & G.D. Rowley var. lissocarpa (F. Ritter) A.E. Hoffm., Neoporteria curvispina (Bertero ex Colla) Donald & G.D. Rowley var. marksiana (F. Ritter) A.E. Hoffm., Neoporteria marksiana (F. Ritter) Donald & G.D. Rowley, Eriosyce marksiana (F. Ritter) Katt.",Arbusto suculento,Endémica,"LBO, MAU",200-500 ,NA,NA,NA,Eriosyce,curvispina,Magnoliidae,Caryophyllanae,Caryophyllales,Eudicots,2mn01oljtq
Eriosyce engleri (F. Ritter) Katt.,Eriosyce engleri,Cactaceae,"Pyrrhocactus engleri (F. Ritter) F. Ritter, Neoporteria curvispina (Bertero ex Colla) Donald & G.D. Rowley var. engleri (F. Ritter) A.E. Hoffm., Neoporteria engleri (F. Ritter) Donald & G.D. Rowley, Horridocactus engleri F. Ritter",Arbusto suculento,Endémica,"VAL, RME",1900,NA,NA,NA,Eriosyce,engleri,Magnoliidae,Caryophyllanae,Caryophyllales,Eudicots,jqilksj06f
Eriosyce eriosyzoides (F. Ritter) Ferryman,Eriosyce eriosyzoides,Cactaceae,"Pyrrhocactus eriosyzoides (F. Ritter) F. Ritter, Pyrrhocactus atroviridis F. Ritter, Pyrrhocactus eriosyzoides (F. Ritter) F. Ritter var. domeykoensis F. Ritter, Pyrrhocactus transiens F. Ritter, Neoporteria carrizalensis (F. Ritter) A.E. Hoffm., Neoporteria carrizalensis (F. Ritter) A.E. Hoffm. var. totoralensis (F. Ritter) A.E. Hoffm., Neoporteria eriosyzoides (F. Ritter) Donald & G.D. Rowley, Neoporteria huascensis (F. Ritter) Donald & G.D. Rowley, Neoporteria jussieui (Monv. ex Salm-Dyck) Britton & Rose var. huascensis (F. Ritter) A.E. Hoffm., Neoporteria kunzei (C.F. Först.) Backeb., Neoporteria totoralensis (F. Ritter) Donald & G.D. Rowley, Neoporteria vallenarensis (F. Ritter) A.E. Hoffm. var. domeykoensis (F. Ritter) A.E. Hoffm., Neoporteria vallenarensis (F. Ritter) A.E. Hoffm. var. transitensis (F. Ritter) A.E. Hoffm., Neoporteria vallenarensis (F. Ritter) A. Hoffm., comb. illeg., Neochilenia transitensis (F. Ritter) Backeb., Eriosyce crispa (F. Ritter) Katt. subsp. atroviridis (F. Ritter) Katt., Eriosyce crispa (F. Ritter) Katt. var. carrizalensis (F. Ritter) Katt., Eriosyce crispa (F. Ritter) Katt. var. huascensis (F. Ritter) Katt., Eriosyce crispa (F. Ritter) Katt. var. totoralensis (F. Ritter) Katt., Eriosyce kunzei (C.F. Först.) Katt. var. transitensis (F. Ritter) Katt., Horridocactus eriosyzoides F. Ritter, Eriosyce kunzei auct. non (C.F. Först.) Katt., Eriosyce eriosyzoides (F. Ritter) Ferryman var. transitensis (F. Ritter) A. Hoffm. & H. Walter, Eriosyce eriosyzoides (F. Ritter) Ferryman subsp. atroviridis (F. Ritter) Ferryman, Horridocactus atroviridis (F. Ritter) Backeb., Neoporteria vallenarensis (F. Ritter) A.E. Hoffm. var. atroviridis (F. Ritter) A.E. Hoffm., Neoporteria atroviridis (F. Ritter) Ferryman, Eriosyce eriosyzoides (F. Ritter) Ferryman var. carrizalensis (F. Ritter) A. Hoffm. & H. Walter, Pyrrhocactus carrizalensis F. Ritter, Horridocactus carrizalensis (F. Ritter) Backeb., Neoporteria totoralensis (F. Ritter) Donald & G.D. Rowley var. carrizalensis (F. Ritter) Ferryman, Eriosyce eriosyzoides (F. Ritter) Ferryman var. huascensis (F. Ritter) A. Hoffm. & H. Walter, Pyrrhocactus huascensis F. Ritter, Neochilenia huascensis (F. Ritter) Backeb., Eriosyce eriosyzoides (F. Ritter) Ferryman var. totoralensis (F. Ritter) A. Hoffm. & H. Walter, Pyrrhocactus totoralensis F. Ritter, Neochilenia totoralensis (F. Ritter) Backeb., Pyrrhocactus kunzei (C.F. Först.) Y. Ito",Arbusto suculento,Endémica,"ATA, COQ",0-1800 ,NA,NA,NA,Eriosyce,eriosyzoides,Magnoliidae,Caryophyllanae,Caryophyllales,Eudicots,fucyr21nbw
Eriosyce esmeraldana (F. Ritter) Katt.,Eriosyce esmeraldana,Cactaceae,"Neoporteria esmeraldana (F. Ritter) Donald & G.D. Rowley, Thelocephala esmeraldana (F. Ritter) F. Ritter, Chileorebutia esmeraldana F. Ritter, Neochilenia esmeraldana (F. Ritter) Backeb.",Subarbusto suculento,Endémica,"ANT, ATA",100-200 ,NA,NA,NA,Eriosyce,esmeraldana,Magnoliidae,Caryophyllanae,Caryophyllales,Eudicots,0dju855cpv
Eriosyce garaventae (F. Ritter) Katt.,Eriosyce garaventae,Cactaceae,"Pyrrhocactus garaventai (F. Ritter) F. Ritter, Horridocactus garaventai F. Ritter, Neoporteria subaiana (Backeb.) Donald & G.D. Rowley, Neoporteria garaventae (F. Ritter) Ferryman, Neoporteria curvispina (Bertero ex Colla) Donald & G.D. Rowley var. garaventae (F. Ritter) Donald & G.D. Rowley",Arbusto suculento,Endémica,VAL,1000-3000 ,NA,NA,NA,Eriosyce,garaventae,Magnoliidae,Caryophyllanae,Caryophyllales,Eudicots,ib16mct8rw
Eriosyce heinrichiana (Backeb.) Katt.,Eriosyce heinrichiana,Cactaceae,"Pyrrhocactus heinrichianus (Backeb.) F. Ritter, Pyrrhocactus chaniarensis F. Ritter, Pyrrhocactus jussieui (Monv. ex Salm-Dyck) Britton & Rose var. australis F. Ritter, Pyrrhocactus jussieui (Monv. ex Salm-Dyck) Britton & Rose var. spinosior F. Ritter, Pyrrhocactus setosiflorus F. Ritter var. intermedius F. Ritter, Pyrrhocactus trapichensis F. Ritter, Pyrrhocactus wagenknechtii F. Ritter, Neoporteria chorosensis (F. Ritter) Donald & G.D. Rowley, Neoporteria deherdtiana (Backeb.) Donald & G.D. Rowley, nom. illeg., Neoporteria dimorpha (F. Ritter) Donald & G.D. Rowley, Neoporteria jussieui (Monv. ex Salm-Dyck) Britton & Rose, Neoporteria jussieui (Monv. ex Salm-Dyck) Britton & Rose var. chaniarensis (F. Ritter) A.E. Hoffm., Neoporteria jussieui (Monv. ex Salm-Dyck) Britton & Rose var. chorosensis (F. Ritter) A.E. Hoffm., Neoporteria jussieui (Monv. ex Salm-Dyck) Britton & Rose var. dimorpha (F. Ritter) A.E. Hoffm., Neoporteria jussieui (Monv. ex Salm-Dyck) Britton & Rose var. setosiflora (F. Ritter) A.E. Hoffm., Neoporteria jussieui (Monv. ex Salm-Dyck) Britton & Rose var. trapichensis (F. Ritter) A.E. Hoffm., Neoporteria jussieui (Monv. ex Salm-Dyck) Britton & Rose var. wagenknechtii (F. Ritter) A.E. Hoffm., Neoporteria occulta (Phil.) Britton & Rose, Neoporteria ritteri Donald & G.D. Rowley, Neoporteria setosiflora (F. Ritter) Donald & G.D. Rowley, Eriosyce heinrichiana (Backeb.) Katt. subsp. intermedia (F. Ritter) Katt., Eriosyce heinrichiana (Backeb.) Katt. var. setosiflora (F. Ritter) Katt., Pyrrhocactus setosiflorus F. Ritter, Chilenia occulta (Phil.) Backeb., Echinocactus occultus Phil., Chilenia jussieui (Monv. ex Salm-Dyck) Backeb.",Subarbusto suculento,Endémica,"ATA, COQ",0-500 ,NA,NA,NA,Eriosyce,heinrichiana,Magnoliidae,Caryophyllanae,Caryophyllales,Eudicots,vgkrkwyfek
Eriosyce ihotzkyana F. Ritter,Eriosyce ihotzkyana,Cactaceae,NA,Arbusto suculento,Endémica,COQ,0-1500 ,NA,NA,NA,Eriosyce,ihotzkyana,Magnoliidae,Caryophyllanae,Caryophyllales,Eudicots,mkd6zh0104
Eriosyce iquiquensis (F. Ritter) Ferryman,Eriosyce iquiquensis,Cactaceae,"Pyrrhocactus saxifragus F. Ritter, Neoporteria aricensis (F. Ritter) Donald & G.D. Rowley, Neoporteria aricensis (F. Ritter) Donald & G.D. Rowley var. floribunda (Backeb.) A.E. Hoffm., Neoporteria aricensis (F. Ritter) Donald & G.D. Rowley var. saxifraga (F. Ritter) A.E. Hoffm., Neoporteria iquiquensis (F. Ritter) Donald & G.D. Rowley, Neoporteria recondita (F. Ritter) Donald & G.D. Rowley var. residua (F. Ritter) A.E. Hoffm., Neoporteria residua (F. Ritter & Buining) Donald & G.D. Rowley, Islaya iquiquensis (F. Ritter) Faúndez & R. Kiesling, Neochilenia iquiquensis (F. Ritter) Backeb., Pyrrhocactus aricensis (F. Ritter) Backeb., Pyrrhocactus residuus F. Ritter & Buining, Eriosyce recondita (F. Ritter) Katt. subsp. iquiquensis (F. Ritter) Katt.",Arbusto suculento,Endémica,"TAR, ANT",600-1000 ,NA,NA,NA,Eriosyce,iquiquensis,Magnoliidae,Caryophyllanae,Caryophyllales,Eudicots,r220s482nq
Eriosyce islayensis (C.F. Först.) Katt.,Eriosyce islayensis,Cactaceae,"Islaya islayensis (C.F. Först.) Backeb., Echinocactus islayensis C.F. Först.",Arbusto suculento,Nativa,TAR,100,Perú,NA,NA,Eriosyce,islayensis,Magnoliidae,Caryophyllanae,Caryophyllales,Eudicots,b9bc29eyfe
Eriosyce krausii (F. Ritter) Katt.,Eriosyce krausii,Cactaceae,"Neoporteria esmeraldana (F. Ritter) Donald & G.D. Rowley var. malleolata (F. Ritter) A.E. Hoffm., Thelocephala krausii (F. Ritter) F. Ritter, Thelocephala longirapa F. Ritter, Thelocephala malleolata (F. Ritter) F. Ritter, Thelocephala malleolata (F. Ritter) F. Ritter var. solitaria (F. Ritter) F. Ritter, Chileorebutia kraussii Ritter, Neochilenia kraussii (Ritter) Backeb., Neoporteria odieri (Lem. ex Salm-Dyck) Backeb. var. kraussii (Ritter) Hoffman, Eriosyce odieri (Lem. ex Salm-Dyck) Katt. subsp. malleolata Hoffman & Walter, Chileorebutia malleolata Ritter, Neochilenia malleolata (Ritter) Backeb., Thelocephala malleolata (Ritter) Ritter, Neoporteria odieri (Lem. ex Salm-Dyck) Backeb.(Lem. ex Salm-Dyck) Backeb. var. malleolata, Eriosyce odieri (Lem. ex Salm-Dyck) Katt. subsp. malleolata Hoffman & Walter var. weisserii Hoffman & Walter, Thelocephala weisserii (Hoffman & Walter) Faúndez & Saldivia",Arbusto suculento,Endémica,"TAR, ANT, ATA",0-200 ,NA,NA,NA,Eriosyce,krausii,Magnoliidae,Caryophyllanae,Caryophyllales,Eudicots,gl56t3vwgy
Eriosyce lapampaensis F. Ritter,Eriosyce lapampaensis,Cactaceae,NA,Subarbusto suculento,Endémica,ATA,200-2500 ,NA,NA,NA,Eriosyce,lapampaensis,Magnoliidae,Caryophyllanae,Caryophyllales,Eudicots,gg9xqd0xrx
Eriosyce laui Luthy,Eriosyce laui,Cactaceae,"Islaya laui (Luthy) Faúndez & R. Kiesling, Rimacactus laui (Luthy) Mottram",Arbusto suculento,Endémica,ANT,500-700 ,NA,NA,NA,Eriosyce,laui,Magnoliidae,Caryophyllanae,Caryophyllales,Eudicots,8mmv5dyas9
Eriosyce megacarpa F. Ritter,Eriosyce megacarpa,Cactaceae,NA,Subarbusto suculento,Endémica,ATA,0-100 ,NA,NA,NA,Eriosyce,megacarpa,Magnoliidae,Caryophyllanae,Caryophyllales,Eudicots,ip9zsv0pvb
Eriosyce napina (Phil.) Katt.,Eriosyce napina,Cactaceae,"Neoporteria napina (Phil.) Backeb., Neoporteria napina (Phil.) Backeb. fma. nuda (F. Ritter) A.E. Hoffm., Neoporteria napina (Phil.) Backeb. var. duripulpa (F. Ritter) A.E. Hoffm., Neoporteria napina (Phil.) Backeb. var. lembckei (Backeb.) A.E. Hoffm., Neoporteria napina (Phil.) Backeb. var. glabrescens (F. Ritter) A.E. Hoffm., Neochilenia lembckei Backeb., Eriosyce aerocarpa (F. Ritter) Katt., Eriosyce napina (Phil.) Katt. var. duripulpa (F. Ritter) Katt., Eriosyce napina (Phil.) Katt. subsp. lembckei Katt., Eriosyce odieri (Lem. ex Salm-Dyck) Katt. subsp. fulva (F. Ritter) Katt., Thelocephala aerocarpa (F. Ritter) F. Ritter, Thelocephala duripulpa (F. Ritter) F. Ritter, Thelocephala fulva F. Ritter, Thelocephala nuda F. Ritter, Echinocactus napinus Phil., Thelocephala napina (Phil.) Y. Ito, Chileorebutia napina (Phil.) F. Ritter, Neochilenia napina (Phil.) Backeb., Neochilenia napina (Phil.) Backeb. var. mitis (Phil.) Backeb., Eriosyce napina (Phil.) Katt. subsp. aerocarpa (F. Ritter) Ferryman, Chileorebutia aerocarpa F. Ritter, Neochilenia aerocarpa (F. Ritter) Backeb., Neoporteria napina (Phil.) Backeb. var. aerocarpa (F. Ritter) A.E. Hoffm., Thelocephala lembckei (Backeb.) F. Ritter, Chileorebutia duripulpa F. Ritter, Neochilenia duripulpa (F. Ritter) Backeb., Eriosyce napina (Phil.) Katt. subsp. challensis R. Keim & I. Schaub, Eriosyce spectabilis A.E. Hoffm. & H.E. Walter, nom. nud.",Subarbusto suculento,Endémica,ATA,100-600 ,NA,NA,NA,Eriosyce,napina,Magnoliidae,Caryophyllanae,Caryophyllales,Eudicots,vwnqakcotp
Eriosyce occulta Katt.,Eriosyce occulta,Cactaceae,"Pyrrhocactus philippianus Faúndez, Pyrrhocactus occultus F. Ritter, nom. illeg., Pyrrhocactus occultus F. Ritter var. spinosior F. Ritter, nom. illeg.",Subarbusto suculento,Endémica,ANT,0-500 ,NA,NA,NA,Eriosyce,occulta,Magnoliidae,Caryophyllanae,Caryophyllales,Eudicots,rdl6tkg8ah
Eriosyce odieri (Lem. ex Salm-Dyck) Katt. subsp. glabrescens (F. Ritter) Katt.,Eriosyce odieri,Cactaceae,Thelocephala glabrescens (F. Ritter) F. Ritter,Subarbusto suculento,Endémica,ATA,0-200 ,NA,NA,NA,Eriosyce,odieri,Magnoliidae,Caryophyllanae,Caryophyllales,Eudicots,xqdt41nsur
Eriosyce odieri (Lem. ex Salm-Dyck) Katt. subsp. malleolata (F. Ritter) A.E. Hoffm. & H. Walter var. weisseri A.E. Hoffm. & H. Walter,Eriosyce odieri,Cactaceae,Thelocephala weisseri (A. Hoffmman & H. Walter) Faúndez & Saldivia,Subarbusto suculento,Endémica,ANT,NA,NA,NA,NA,Eriosyce,odieri,Magnoliidae,Caryophyllanae,Caryophyllales,Eudicots,4auwo1l8k7
Eriosyce odieri (Lem. ex Salm-Dyck) Katt. subsp. odieri,Eriosyce odieri,Cactaceae,"Neoporteria monte-amargensis (Backeb.) Donald & G.D. Rowley, nom. illeg., Neoporteria odieri (Lem. ex Salm-Dyck) Backeb., Neoporteria reichei (K. Schum.) Backeb., Eriosyce odieri (Lem. ex Salm-Dyck) Katt. var. monte-amargensis Katt., Thelocephala odieri (Lem. ex Salm-Dyck) F. Ritter, Neochilenia odieri (Lem. ex Salm-Dyck) Backeb., Chileorebutia odieri (Lem. ex Salm-Dyck) F. Ritter, Echinocactus odieri Lem. ex Salm-Dyck",Subarbusto suculento,Endémica,ATA,0-400 ,NA,NA,NA,Eriosyce,odieri,Magnoliidae,Caryophyllanae,Caryophyllales,Eudicots,qj54ja2mcx
Eriosyce paucicostata (F. Ritter) Ferryman subsp. echinus (Ritter) R. Ferryman,Eriosyce paucicostata,Cactaceae,"Pyrrhocactus echinus F. Ritter, Eriosyce taltalensis (Hutchison) Katt. subsp. echinus (F. Ritter) Katt., Neoporteria paucicostata (F. Ritter) Donald & G.D. Rowley var. echinus (F. Ritter) A.E. Hoffm., Neoporteria paucicostata (F. Ritter) Donald & G.D. Rowley var. glaucescens (F. Ritter) A.E. Hoffm., Pyrrhocactus glaucescens F. Ritter",Arbusto suculento,Endémica,ANT,400-800 ,NA,NA,NA,Eriosyce,paucicostata,Magnoliidae,Caryophyllanae,Caryophyllales,Eudicots,sv4oq6z2ip
Eriosyce paucicostata (F. Ritter) Ferryman subsp. floccosa (Ritter) R. Ferryman,Eriosyce paucicostata,Cactaceae,"Pyrrhocactus floccosus F. Ritter, Eriosyce taltalensis (Hutchison) Katt. var. floccosa (F. Ritter) Katt., Pyrrhocactus floccosus F. Ritter var. minor (F. Ritter) F. Ritter, Neoporteria eriocephala (Backeb.) Donald & G.D. Rowley, nom. illeg., Neoporteria paucicostata (F. Ritter) Donald & G.D. Rowley var. floccosa (F. Ritter) A.E. Hoffm.",Arbusto suculento,Endémica,ANT,200-600 ,NA,NA,NA,Eriosyce,paucicostata,Magnoliidae,Caryophyllanae,Caryophyllales,Eudicots,h1ltra99ya
Eriosyce paucicostata (F. Ritter) Ferryman subsp. paucicostata,Eriosyce paucicostata,Cactaceae,"Pyrrhocactus paucicostatus (F. Ritter) F. Ritter, Pyrrhocactus neohankeanus F. Ritter, Pyrrhocactus neohankeanus F. Ritter var. densispinus F. Ritter, Pyrrhocactus neohankeanus F. Ritter var. elongatus F. Ritter, Pyrrhocactus neohankeanus F. Ritter var. flaviflorus F. Ritter, Pyrrhocactus paucicostatus (F. Ritter) F. Ritter var. viridis (F. Ritter) F. Ritter, Neoporteria fusca (Muehlenpf.) Britton & Rose, Neoporteria haenkeana (C.F. Först.) Donald & G.D. Rowley, Neoporteria paucicostata (F. Ritter) Donald & G.D. Rowley, Neoporteria paucicostata (F. Ritter) Donald & G.D. Rowley var. neohankeana (F. Ritter) A.E. Hoffm., Neoporteria paucicostata (F. Ritter) Donald & G.D. Rowley var. viridis (F. Ritter) A.E. Hoffm., Neoporteria woutersiana (Backeb.) Donald & G.D. Rowley, nom. illeg., Delaetia woutersiana Backeb., nom. illeg., Eriosyce taltalensis (Hutchinson) Katt. subsp. paucicostata (F. Ritter) Katt., Horridocactus paucicostatus F. Ritter, Neoporteria neohankeana (F. Ritter) Ferryman, Neochilenia paucicostata (F. Ritter) Backeb.",Arbusto suculento,Endémica,ANT,0-600 ,NA,NA,NA,Eriosyce,paucicostata,Magnoliidae,Caryophyllanae,Caryophyllales,Eudicots,cnfhcripvf
Eriosyce recondita (F. Ritter) Katt.,Eriosyce recondita,Cactaceae,"Pyrrhocactus reconditus F. Ritter, Pyrrhocactus vexatus F. Ritter, Neoporteria recondita (F. Ritter) Donald & G.D. Rowley, Neoporteria recondita (F. Ritter) Donald & G.D. Rowley var. vexata (F. Ritter) A.E. Hoffm., Neochilenia recondita (F. Ritter) Backeb.",Subarbusto suculento,Endémica,ANT,400-1000 ,NA,NA,NA,Eriosyce,recondita,Magnoliidae,Caryophyllanae,Caryophyllales,Eudicots,z0rxvyr6xs
Eriosyce rodentiophila F. Ritter,Eriosyce rodentiophila,Cactaceae,Eriosyce rodentiophila F. Ritter var. lanata F. Ritter,Arbusto suculento,Endémica,"ANT, ATA",100-600 ,NA,NA,NA,Eriosyce,rodentiophila,Magnoliidae,Caryophyllanae,Caryophyllales,Eudicots,mpnxp7s3zw
Eriosyce senilis (Backeb.) Katt.,Eriosyce senilis,Cactaceae,"Neoporteria nidus (Söhrens ex K. Schum.) Britton & Rose, Neoporteria coimasensis F. Ritter, Neoporteria coimasensis F. Ritter fma. crassispina F. Ritter, Neoporteria coimasensis F. Ritter fma. tenuispina F. Ritter, Neoporteria coimasensis F. Ritter var. robusta (F. Ritter) F. Ritter, Neoporteria multicolor F. Ritter, Neoporteria nidus (Söhrens) Britton & Rose var. coimasensis (F. Ritter) A.E. Hoffm., Neoporteria nidus (Söhrens) Britton & Rose var. gerocephala (Y. Ito) F. Ritter, Neoporteria nidus (Söhrens) Britton & Rose var. matancillana F. Ritter, Neoporteria nidus (Söhrens) Britton & Rose var. multicolor (F. Ritter) A.E. Hoffm., Neoporteria robusta F. Ritter, Neoporteria subgibbosa (Haw.) Britton & Rose var. robusta (F. Ritter) A.E. Hoffm., Eriosyce senilis (Backeb.) Katt. subsp. coimasensis (F. Ritter) Katt., Eriosyce senilis (Backeb.) Katt. subsp. elquiensis Katt., Echinocactus senilis Phil., nom. illeg., Neoporteria gerocephala Y. Ito, Neoporteria senilis Backeb., Echinocactus nidus Söhrens ex K. Schum.",Arbusto suculento,Endémica,COQ,200-500 ,NA,Viejito,NA,Eriosyce,senilis,Magnoliidae,Caryophyllanae,Caryophyllales,Eudicots,x92rbll9j1
Eriosyce simulans (F. Ritter) Katt.,Eriosyce simulans,Cactaceae,"Pyrrhocactus simulans F. Ritter, Neoporteria simulans (F. Ritter) Donald & G.D. Rowley, Eriosyce heinrichiana (Backeb.) Katt. subsp. simulans (F. Ritter) Katt., Neochilenia simulans (F. Ritter) Backeb.",Arbusto suculento,Endémica,COQ,100-400 ,NA,NA,NA,Eriosyce,simulans,Magnoliidae,Caryophyllanae,Caryophyllales,Eudicots,lfo9tlrl6u
Eriosyce sociabilis (F. Ritter) Katt.,Eriosyce sociabilis,Cactaceae,"Neoporteria sociabilis F. Ritter, Neoporteria sociabilis F. Ritter var. napina F. Ritter",Arbusto suculento,Endémica,ATA,NA,NA,NA,NA,Eriosyce,sociabilis,Magnoliidae,Caryophyllanae,Caryophyllales,Eudicots,8yc9dhpwj2
Eriosyce subgibbosa (Haw.) Katt.  subsp. clavata (Söhrens ex K. Schum.) Katt.,Eriosyce subgibbosa,Cactaceae,"Neoporteria clavata (Söhrens ex K. Schum.) Werderm., Neoporteria clavata (Söhrens ex K. Schum.) Werderm. fma. grandiflora F. Ritter, Neoporteria clavata (Söhrens ex K. Schum.) Werderm. var. nigrihorrida (Backeb.) A.E. Hoffm., Neoporteria clavata (Söhrens ex K. Schum.) Werderm. var. parviflora F. Ritter, Neoporteria clavata (Söhrens ex K. Schum.) Werderm. var. procera F. Ritter, Neoporteria microsperma F. Ritter, Neoporteria microsperma F. Ritter var. graciana F. Ritter, Neoporteria microsperma F. Ritter var. serenana F. Ritter, Neoporteria nigrihorrida Backeb., Neoporteria nigrihorrida (Backeb.) Backeb. fma. crassispina F. Ritter, Neoporteria wagenknechtii F. Ritter, Neoporteria wagenknechtii F. Ritter var. microsperma (F. Ritter) A.E. Hoffm., Neoporteria wagenknechtii F. Ritter var. napina F. Ritter, Neoporteria wagenknechtii F. Ritter var. vallenarensis (F. Ritter) A.E. Hoffm., Eriosyce subgibbosa (Haw.) Katt. var. nigrihorrida (Backeb.) Katt., Eriosyce subgibbosa (Haw.) Katt. var. vallenarensis (F. Ritter) Katt., Eriosyce subgibbosa (Haw.) Katt. var. wagenknechtii (F. Ritter) Katt.",Arbusto suculento,Endémica,COQ,0-800 ,NA,NA,NA,Eriosyce,subgibbosa,Magnoliidae,Caryophyllanae,Caryophyllales,Eudicots,dl6hzd1s8u
Eriosyce subgibbosa (Haw.) Katt. subsp. subgibbosa var. castanea (F. Ritter) Katt.,Eriosyce subgibbosa,Cactaceae,Neoporteria castanea F. Ritter,Arbusto suculento,Endémica,"LBO, MAU",NA,NA,NA,NA,Eriosyce,subgibbosa,Magnoliidae,Caryophyllanae,Caryophyllales,Eudicots,ymxszucj6q
Eriosyce subgibbosa (Haw.) Katt. subsp. subgibbosa var. subgibbosa,Eriosyce subgibbosa,Cactaceae,"Neoporteria subgibbosa (Haw.) Britton & Rose, Neoporteria castanea F. Ritter var. tunensis F. Ritter, Neoporteria litoralis F. Ritter var. intermedia F. Ritter, Neoporteria subgibbosa (Haw.) Britton & Rose var. intermedia (F. Ritter) A.E. Hoffm., Neoporteria subgibbosa (Haw.) Britton & Rose var. litoralis (F. Ritter) A.E. Hoffm., Neoporteria subgibbosa (Haw.) Britton & Rose var. orientalis F. Ritter, Eriosyce subgibbosa (Haw.) Katt. var. litoralis (F. Ritter) Katt., Echinocactus subgibbosus Haw., Cereus dichroacanthus Mart. ex Pfeiff., Echinocactus acutissima Otto & Dietr., Echinocactus castaneoides Cels ex Salm-Dyck, Cactus berteri Colla",Arbusto suculento,Endémica,"ATA, COQ, VAL, RME, LBO, MAU, BIO",0-500 ,NA,NA,NA,Eriosyce,subgibbosa,Magnoliidae,Caryophyllanae,Caryophyllales,Eudicots,vtryreoxic
Eriosyce taltalensis (Hutchison) Katt.  subsp. pygmaea R. Ferryman,Eriosyce taltalensis,Cactaceae,"Pyrrhocactus pygmaeus F. Ritter, Pyrrhocactus gracilis F. Ritter, Pyrrhocactus pulchellus F. Ritter, Neoporteria calderana (F. Ritter) Donald & G.D. Rowley, Neoporteria intermedia (F. Ritter) Donald & G.D. Rowley, Neoporteria intermedia (F. Ritter) Donald & G.D. Rowley fma. gracilis (F. Ritter) A.E. Hoffm., Neoporteria intermedia (F. Ritter) Donald & G.D. Rowley fma. pygmaea (F. Ritter) A.E. Hoffm., Neoporteria intermedia (F. Ritter) Donald & G.D. Rowley var. calderana (F. Ritter) A.E. Hoffm., Neoporteria intermedia (F. Ritter) Donald & G.D. Rowley var. pulchella (F. Ritter) A.E. Hoffm., Neoporteria intermedia (F. Ritter) Donald & G.D. Rowley var. scoparia (F. Ritter) A.E. Hoffm., Neoporteria scoparia (F. Ritter) Donald & G.D. Rowley, Neoporteria taltalensis Hutchison var. transiens (F. Ritter) A.E. Hoffm., Eriosyce taltalensis (Hutchison) Katt. var. pygmaea (F. Ritter) Katt.",Subarbusto suculento,Endémica,"ANT, ATA",0-400 ,NA,NA,NA,Eriosyce,taltalensis,Magnoliidae,Caryophyllanae,Caryophyllales,Eudicots,6tl0zjjzkb
Eriosyce taltalensis (Hutchison) Katt. subsp. pilispina (F. Ritter) Katt.,Eriosyce taltalensis,Cactaceae,"Pyrrhocactus pilispina Ritter, Neoporteria intermedia (F. Ritter) Donald & G.D. Rowley var. pilispina (F. Ritter) A.E. Hoffm., Neoporteria pilispina (F. Ritter) Donald & G.D. Rowley",Arbusto suculento,Endémica,ATA,0-600 ,NA,NA,NA,Eriosyce,taltalensis,Magnoliidae,Caryophyllanae,Caryophyllales,Eudicots,kaaei8cd0d
Eriosyce taltalensis (Hutchison) Katt. subsp. taltalensis,Eriosyce taltalensis,Cactaceae,"Pyrrhocactus taltalensis (Hutchison) F. Ritter, Eriosyce taltalensis (Hutchison) Katt., Pyrrhocactus tenuis F. Ritter, Neoporteria rupicola (F. Ritter) Donald & G.D. Rowley, Neoporteria taltalensis Hutchison, Neochilenia taltalensis (Hutchison) Backeb., Pyrrhocactus rupiculus F. Ritter",Arbusto suculento,Endémica,"ANT, ATA",500-700 ,NA,NA,NA,Eriosyce,taltalensis,Magnoliidae,Caryophyllanae,Caryophyllales,Eudicots,s3p1zpt74n
Eriosyce tenebrica (F. Ritter) Katt.,Eriosyce tenebrica,Cactaceae,"Neoporteria napina (Phil.) Backeb. var. fankhauseri (F. Ritter) A.E. Hoffm., Thelocephala fankhauseri F. Ritter, Thelocephala tenebrica F. Ritter",Subarbusto suculento,Endémica,"ATA, COQ",100-600 ,NA,NA,NA,Eriosyce,tenebrica,Magnoliidae,Caryophyllanae,Caryophyllales,Eudicots,2m8w68p58o
Eriosyce villosa (Monv.) Katt.,Eriosyce villosa,Cactaceae,"Neoporteria villosa (Monv.) A. Berger, Neoporteria laniceps F. Ritter, Neoporteria villosa (Monv.) A. Berger var. laniceps (F. Ritter) A.E. Hoffm., Cactus villosus Monv., Neoporteria atrispinosa Backeb., Echinocactus villosus (Monv.) Labour.",Arbusto suculento,Endémica,"ATA, COQ",0-900 ,NA,Quisco,NA,Eriosyce,villosa,Magnoliidae,Caryophyllanae,Caryophyllales,Eudicots,04hipbgsdb
Eulychnia acida Phil.,Eulychnia acida,Cactaceae,"Eulychnia acida Phil. var. elata F. Ritter, Eulychnia acida Phil. var. procumbens F. Ritter",Árbol suculento,Endémica,"ATA, COQ",0-1300 ,NA,Copao,NA,Eulychnia,acida,Magnoliidae,Caryophyllanae,Caryophyllales,Eudicots,eb57xe5f2q
Eulychnia aricensis F. Ritter,Eulychnia aricensis,Cactaceae,NA,Arbusto suculento,Endémica,TAR,400-700 ,NA,NA,NA,Eulychnia,aricensis,Magnoliidae,Caryophyllanae,Caryophyllales,Eudicots,lplk06gnud
Eulychnia breviflora Phil.,Eulychnia breviflora,Cactaceae,"Eulychnia barquitensis F. Ritter, Eulychnia breviflora Phil. var. taltalensis F. Ritter, Eulychnia breviflora Phil. var. tenuis F. Ritter, Eulychnia saint-pieana F. Ritter var. barquitensis (F. Ritter) A.E. Hoffm., Cereus panoplaeatus Monv.",Arbusto suculento,Endémica,"ANT, ATA, COQ",0-200 ,NA,Copao,NA,Eulychnia,breviflora,Magnoliidae,Caryophyllanae,Caryophyllales,Eudicots,sknqs95p55
Eulychnia castanea Phil.,Eulychnia castanea,Cactaceae,"Cereus castaneus (Phil.) K. Schum., Philippicereus castaneus (Phil.) Backeb.",Arbusto suculento,Endémica,"COQ, VAL",0-200 ,NA,NA,NA,Eulychnia,castanea,Magnoliidae,Caryophyllanae,Caryophyllales,Eudicots,f8ns3mrikx
Eulychnia iquiquensis (K. Schum.) Britton & Rose,Eulychnia iquiquensis,Cactaceae,"Eulychnia iquiquensis (K. Schum.) Britton & Rose var. pullilana F. Ritter, Cereus iquiquensis K. Schum., Eulychnia breviflora Phil. subsp. iquiquensis (K. Schum.) D.R. Hunt",Arbusto suculento,Endémica,"TAR, ANT, ATA",0-1000 ,NA,Copao,NA,Eulychnia,iquiquensis,Magnoliidae,Caryophyllanae,Caryophyllales,Eudicots,tvmyffmy8x
Eulychnia saint-pieana F. Ritter,Eulychnia saint-pieana,Cactaceae,NA,Arbusto suculento,Endémica,"ANT, ATA",0-700 ,NA,NA,NA,Eulychnia,saint-pieana,Magnoliidae,Caryophyllanae,Caryophyllales,Eudicots,8nfk0qig6l
Haageocereus australis Backeb.,Haageocereus australis,Cactaceae,"Haageocereus australis Backeb. fma. subtilispinus F. Ritter, Haageocereus multicolorspinus Buining",Arbusto suculento,Nativa,TAR,0-500 ,Perú,NA,NA,Haageocereus,australis,Magnoliidae,Caryophyllanae,Caryophyllales,Eudicots,iej1j31di4
Haageocereus fascicularis (Meyen) F. Ritter,Haageocereus fascicularis,Cactaceae,"Cereus fascicularis Meyen, Trichocereus fascicularis (Meyen) Britton & Rose, Weberbauerocereus fascicularis (Meyen) Backeb.",Arbusto suculento,Endémica,"AYP, TAR",2000-3000 ,NA,Chikachika,NA,Haageocereus,fascicularis,Magnoliidae,Caryophyllanae,Caryophyllales,Eudicots,fpder4f0dk
Maihuenia patagonica (Phil.) Britton & Rose,Maihuenia patagonica,Cactaceae,Opuntia patagonica Phil.,Subarbusto suculento,Nativa,"LLA, AIS, MAG",0-500 ,Argentina,NA,NA,Maihuenia,patagonica,Magnoliidae,Caryophyllanae,Caryophyllales,Eudicots,v3aib0mbmz
Maihuenia poeppigii (Otto ex Pfeiff.) K. Schum.,Maihuenia poeppigii,Cactaceae,"Opuntia poeppigii Otto & Pfeiff., Maihuenia philippii (F.A.C. Weber) K. Schum., Pereskia philippii F.A.C. Weber, Pereskia poeppigii Salm-Dyck, Opuntia maihuen J. Remy",Subarbusto suculento,Nativa,"MAU, NUB, BIO, ARA",500-1000 ,Argentina,Maihuén,NA,Maihuenia,poeppigii,Magnoliidae,Caryophyllanae,Caryophyllales,Eudicots,5qu14bf259
Maihueniopsis archiconoidea F. Ritter,Maihueniopsis archiconoidea,Cactaceae,Opuntia archiconoidea (F. Ritter) D.R. Hunt,Subarbusto suculento,Endémica,ATA,1200-1800 ,NA,NA,NA,Maihueniopsis,archiconoidea,Magnoliidae,Caryophyllanae,Caryophyllales,Eudicots,itvjl0xoks
Maihueniopsis atacamensis (Phil.) F. Ritter,Maihueniopsis atacamensis,Cactaceae,"Opuntia atacamensis Phil., Tephrocactus atacamensis (Phil.) F. Ritter",Subarbusto suculento,Endémica,ANT,4100,NA,Chuchampe,NA,Maihueniopsis,atacamensis,Magnoliidae,Caryophyllanae,Caryophyllales,Eudicots,0bag2anu3d
Maihueniopsis camachoi (Espinosa) F. Ritter,Maihueniopsis camachoi,Cactaceae,"Tephrocactus camachoi (Espinosa) Backeb., Opuntia camachoi Espinosa, Tephrocactus chilensis Backeb.",Subarbusto suculento,Endémica,ANT,3900,NA,Kume,NA,Maihueniopsis,camachoi,Magnoliidae,Caryophyllanae,Caryophyllales,Eudicots,css7cqky44
Maihueniopsis colorea (F. Ritter) F. Ritter,Maihueniopsis colorea,Cactaceae,"Tephrocactus coloreus F. Ritter, Opuntia colorea (F. Ritter) D.R. Hunt",Subarbusto suculento,Endémica,ATA,1300-3500 ,NA,NA,NA,Maihueniopsis,colorea,Magnoliidae,Caryophyllanae,Caryophyllales,Eudicots,mb38pgmndk
Maihueniopsis crassispina F. Ritter,Maihueniopsis crassispina,Cactaceae,Opuntia crassispina (F. Ritter) D.R. Hunt,Subarbusto suculento,Endémica,ATA,200,NA,NA,NA,Maihueniopsis,crassispina,Magnoliidae,Caryophyllanae,Caryophyllales,Eudicots,zxv21f0eso
Maihueniopsis darwinii (Hensl.) F. Ritter,Maihueniopsis darwinii,Cactaceae,"Opuntia darwinii Hensl., Tephrocactus darwinii (Hensl.) Backeb. ex Fric",Subarbusto suculento,Nativa,AIS,0-500 ,Argentina,NA,NA,Maihueniopsis,darwinii,Magnoliidae,Caryophyllanae,Caryophyllales,Eudicots,ywj3ludll6
Maihueniopsis domeykoensis F. Ritter,Maihueniopsis domeykoensis,Cactaceae,Opuntia domeykoensis (F. Ritter) D.R. Hunt,Subarbusto suculento,Endémica,ATA,0-500 ,NA,NA,NA,Maihueniopsis,domeykoensis,Magnoliidae,Caryophyllanae,Caryophyllales,Eudicots,egx4owmcgb
Maihueniopsis glomerata (Haw.) R. Kiesling,Maihueniopsis glomerata,Cactaceae,"Opuntia glomerata Haw., Maihueniopsis tarapacana (Phil.) F. Ritter, Tephrocactus glomeratus (Haw.) Backeb., Opuntia conoidea (F. Ritter ex Backeb.) G.D. Rowley, Tephrocactus conoideus F. Ritter ex Backeb., Tephrocactus reicheanus (Espinosa) Backeb., Maihueniopsis conoidea (F. Ritter ex Backeb.) F. Ritter, Opuntia ovallei Gay, Opuntia tarapacana Phil., Tephrocactus tarapacanus (Phil.) Backeb., Tephrocactus leoncito (Werderm.) Backeb, Opuntia leoncito Werderm.",Subarbusto suculento,Nativa,"ANT, ATA, COQ",2000-4000 ,Argentina y Bolivia,NA,NA,Maihueniopsis,glomerata,Magnoliidae,Caryophyllanae,Caryophyllales,Eudicots,mv1vboqljk
Maihueniopsis grandiflora F. Ritter,Maihueniopsis grandiflora,Cactaceae,NA,Subarbusto suculento,Endémica,COQ,1700,NA,NA,NA,Maihueniopsis,grandiflora,Magnoliidae,Caryophyllanae,Caryophyllales,Eudicots,wh6p6z35r3
Maihueniopsis nigrispina (K. Schum.) R. Kiesling,Maihueniopsis nigrispina,Cactaceae,"Opuntia nigrispina K. Schum., Tephrocactus nigrispinus (K. Schum.) Backb.",Subarbusto suculento,Nativa,TAR,2500-3500 ,Argentina y Bolivia,NA,NA,Maihueniopsis,nigrispina,Magnoliidae,Caryophyllanae,Caryophyllales,Eudicots,7exp7juhta
Maihueniopsis ovata (Pfeiff.) F. Ritter,Maihueniopsis ovata,Cactaceae,"Opuntia ovata Pfeiff., Tephrocactus ovatus (Pfeiff.) Backeb.",Subarbusto suculento,Nativa,"VAL, RME",1000-2000 ,Argentina,"Gatito, perrito",NA,Maihueniopsis,ovata,Magnoliidae,Caryophyllanae,Caryophyllales,Eudicots,pziruq3po6
Maihueniopsis rahmeri (Phil.) F. Ritter,Maihueniopsis rahmeri,Cactaceae,Opuntia rahmerii Phil.,Subarbusto suculento,Endémica,TAR,NA,NA,NA,NA,Maihueniopsis,rahmeri,Magnoliidae,Caryophyllanae,Caryophyllales,Eudicots,po0ifcbm4w
Maihueniopsis wagenknechtii F. Ritter,Maihueniopsis wagenknechtii,Cactaceae,Opuntia wagenknechtii (F. Ritter) D.R. Hunt,Subarbusto suculento,Endémica,COQ,2000,NA,NA,NA,Maihueniopsis,wagenknechtii,Magnoliidae,Caryophyllanae,Caryophyllales,Eudicots,szb9dr2ea4
Miqueliopuntia miquelii (Monv.) F. Ritter,Miqueliopuntia miquelii,Cactaceae,"Opuntia miquelii Monv., Cylindropuntia miquelii (Monv.) Backeb., Opuntia geissei Phil., Austrocylindropuntia miquelii (Monv.) Backb.",Arbusto suculento,Endémica,"ATA, COQ",0-500 ,NA,NA,NA,Miqueliopuntia,miquelii,Magnoliidae,Caryophyllanae,Caryophyllales,Eudicots,tnf93krdfe
Neowerdermannia chilensis Backeb.,Neowerdermannia chilensis,Cactaceae,"Weingartia chilensis (Backeb.) Backeb., Sulcorebutia chilensis (Backeb.) F.H. Brandt",Subarbusto suculento,Endémica,"AYP, TAR",3000-3500 ,NA,NA,NA,Neowerdermannia,chilensis,Magnoliidae,Caryophyllanae,Caryophyllales,Eudicots,mjy6roo87b
Oreocereus hempelianus (Gürke) D.R. Hunt,Oreocereus hempelianus,Cactaceae,"Arequipa australis F. Ritter, Arequipa hempeliana (Gürke) Kreuz. & Buining, Echinopsis hempelianus Gürke, Oreocereus australis (F. Ritter) A.E. Hoffm.",Arbusto suculento,Nativa,AYP,2400-3700 ,Perú,Achacaño,NA,Oreocereus,hempelianus,Magnoliidae,Caryophyllanae,Caryophyllales,Eudicots,n6g8pxih26
Oreocereus leucotrichus (Phil.) Wagenkn. ex F. Ritter,Oreocereus leucotrichus,Cactaceae,"Oreocereus variicolor Backeb., Arequipa leucotricha (Phil.) Britton & Rose, Echinocactus leucotrichus Phil., Borzicactus leucotrichus (Phil.) Kimnach",Arbusto suculento,Nativa,"AYP, TAR, ANT",2400-3500 ,Perú,"Pichaja, chastudo",NA,Oreocereus,leucotrichus,Magnoliidae,Caryophyllanae,Caryophyllales,Eudicots,ynidxbgb81
Pterocactus australis (F.A.C. Weber) Backeb.,Pterocactus australis,Cactaceae,Opuntia australis F.A.C. Weber,Subarbusto suculento,Nativa,AIS,0-500 ,Argentina,NA,NA,Pterocactus,australis,Magnoliidae,Caryophyllanae,Caryophyllales,Eudicots,oy9rkra3f1
Pterocactus hickenii Britton & Rose,Pterocactus hickenii,Cactaceae,"Opuntia skottsbergii Britton & Rose, Pterocactus skottsbergii (Britton & Rose) Backeb.",Subarbusto suculento,Nativa,AIS,0-500 ,Argentina,NA,NA,Pterocactus,hickenii,Magnoliidae,Caryophyllanae,Caryophyllales,Eudicots,coor9ap1ap
Tunilla soehrensii (Britton & Rose) Hunt & Iliff,Tunilla soehrensii,Cactaceae,"Platyopuntia chilensis Ritt., Tunilla chilensis (Ritt.) D. Hunt & J. Iliff, Airampoa chilensis (Ritt.) Doweld.",Subarbusto suculento,Nativa,TAR,3500,"Argentina, Bolivia y Perú",NA,NA,Tunilla,soehrensii,Magnoliidae,Caryophyllanae,Caryophyllales,Eudicots,kfopc7leis
